TenantID,TenantName,ContactEmail,ContactPhone
T1,Alice Smith,tenant1@example.com,555-1001
T2,Bob Johnson,tenant2@example.com,555-1002
T3,Charlie Brown,tenant3@example.com,555-1003
T4,Diana Prince,tenant4@example.com,555-1004
T5,Ethan Hunt,tenant5@example.com,555-1005
T6,Fiona Glenanne,tenant6@example.com,555-1006
T7,George Costanza,tenant7@example.com,555-1007
T8,Holly Golightly,tenant8@example.com,555-1008
T9,Ivan Drago,tenant9@example.com,555-1009
T10,Jill Valentine,tenant10@example.com,555-1010
T11,Kyle Reese,tenant11@example.com,555-1011
T12,Leia Organa,tenant12@example.com,555-1012
T13,Michael Corleone,tenant13@example.com,555-1013
T14,Nancy Drew,tenant14@example.com,555-1014
T15,Omar Little,tenant15@example.com,555-1015
T16,Pam Beesly,tenant16@example.com,555-1016
T17,Quentin Coldwater,tenant17@example.com,555-1017
T18,Rachel Green,tenant18@example.com,555-1018
T19,Steve Rogers,tenant19@example.com,555-1019
T20,Tina Belcher,tenant20@example.com,555-1020
T21,Walter White,tenant21@example.com,555-1021
T22,Skyler White,tenant22@example.com,555-1022
T23,Jesse Pinkman,tenant23@example.com,555-1023
T24,Gus Fring,tenant24@example.com,555-1024
T25,Saul Goodman,tenant25@example.com,555-1025
T26,Mike Ehrmantraut,tenant26@example.com,555-1026
T27,Hank Schrader,tenant27@example.com,555-1027
T28,Marie Schrader,tenant28@example.com,555-1028
T29,Kim Wexler,tenant29@example.com,555-1029
T30,Chuck McGill,tenant30@example.com,555-1030
T31,Howard Hamlin,tenant31@example.com,555-1031
T32,Nacho Varga,tenant32@example.com,555-1032
T33,Lalo Salamanca,tenant33@example.com,555-1033
T34,Tyrion Lannister,tenant34@example.com,555-1034
T35,Daenerys Targaryen,tenant35@example.com,555-1035
T36,Jon Snow,tenant36@example.com,555-1036
T37,Arya Stark,tenant37@example.com,555-1037
T38,Sansa Stark,tenant38@example.com,555-1038
T39,Bran Stark,tenant39@example.com,555-1039
T40,Cersei Lannister,tenant40@example.com,555-1040
T41,Jaime Lannister,tenant41@example.com,555-1041
T42,Petyr Baelish,tenant42@example.com,555-1042
T43,Varys,tenant43@example.com,555-1043
T44,Samwell Tarly,tenant44@example.com,555-1044
T45,Gilly,tenant45@example.com,555-1045
T46,Jorah Mormont,tenant46@example.com,555-1046
T47,Missandei,tenant47@example.com,555-1047
T48,Grey Worm,tenant48@example.com,555-1048
T49,Brienne of Tarth,tenant49@example.com,555-1049
T50,Podrick Payne,tenant50@example.com,555-1050
